"species","mother","Weight_mg","Log_Weight"
"Segestria",1,0.489,-0.715392789507265
"Segestria",1,0.722,-0.325730140089311
"Segestria",1,0.522,-0.650087691099498
"Segestria",1,0.514,-0.665532013526972
"Segestria",1,0.495,-0.703197516413447
"Segestria",1,0.598,-0.514164525031505
"Segestria",1,0.705,-0.349557476169868
"Segestria",1,0.566,-0.569161200778954
"Segestria",1,0.513,-0.667479433811368
"Segestria",2,0.843,-0.170788320980282
"Segestria",2,0.563,-0.574475650842447
"Segestria",2,1.003,0.00299550897979837
"Segestria",2,0.802,-0.220646671115623
"Segestria",2,0.799,-0.224394333215862
"Segestria",2,0.727,-0.318828801448618
"Segestria",2,0.579,-0.546452801409142
"Segestria",2,0.936,-0.066139802504545
"Segestria",2,0.948,-0.0534007767271153
"Segestria",2,0.721,-0.327116141697188
"Segestria",3,0.594,-0.520875959619492
"Segestria",3,0.899,-0.106472244510517
"Segestria",3,0.583,-0.539568092631645
"Segestria",3,0.694,-0.365283318475333
"Segestria",3,0.549,-0.599656837472606
"Segestria",3,0.582,-0.541284831250699
"Segestria",3,0.469,-0.757152510535858
"Segestria",3,0.491,-0.711311151187616
"Segestria",3,0.439,-0.823255865906966
"Segestria",3,0.428,-0.84863208340034
"Segestria",4,0.473,-0.748659890490204
"Segestria",4,0.483,-0.727738625329564
"Segestria",4,0.384,-0.95711272639441
"Segestria",4,0.248,-1.39432653281715
"Segestria",4,0.608,-0.49758039701597
"Segestria",4,0.68,-0.385662480811985
"Segestria",4,0.667,-0.404965233066513
"Segestria",4,0.987,-0.0130852395486555
"Segestria",4,0.746,-0.293029678778376
"Segestria",4,0.889,-0.117658043468232
"Segestria",4,0.677,-0.390084006069862
"Segestria",4,0.657,-0.420071260497527
"Segestria",5,0.452,-0.794073099149906
"Segestria",5,0.435,-0.832409247893453
"Segestria",5,0.486,-0.721546655081643
"Segestria",5,0.398,-0.921303273697699
"Segestria",5,0.603,-0.505838082254952
"Segestria",5,0.468,-0.75928698306449
"Segestria",5,0.575,-0.553385238184787
"Segestria",5,0.716,-0.334075112021491
"Segestria",5,0.369,-0.99695863494161
"Segestria",5,0.454,-0.789658080940789
"Zoropsis",1,2.494,0.913887847257845
"Zoropsis",1,2.464,0.901786045671273
"Zoropsis",1,1.664,0.509224342399017
"Zoropsis",1,2.491,0.912684236280043
"Zoropsis",1,3.454,1.23953297972449
"Zoropsis",1,2.067,0.726098280699631
"Zoropsis",1,2.071,0.728031582413447
"Zoropsis",1,2.727,1.00320210386345
"Zoropsis",1,2.891,1.06160246303421
"Zoropsis",1,2.659,0.977950112260883
"Zoropsis",2,4.285,1.45512055204974
"Zoropsis",2,4.64,1.53471436623816
"Zoropsis",2,2.785,1.02424787337925
"Zoropsis",2,2.952,1.08248290673823
"Zoropsis",2,2.631,0.967364002058156
"Zoropsis",2,2.956,1.08383700308596
"Zoropsis",2,3.453,1.23924341840786
"Zoropsis",2,7.264,1.98293064129899
"Zoropsis",2,5.124,1.63393538403449
"Zoropsis",2,2.019,0.7026023393307
"Zoropsis",2,5.795,1.75699547679172
"Zoropsis",2,5.187,1.64615549536926
"Zoropsis",2,4.905,1.59025509301733
"Zoropsis",2,3.15,1.14740245283754
"Zoropsis",2,2.987,1.09426953923397
"Zoropsis",2,2.909,1.06780937951306
"Zoropsis",2,3.762,1.32495073087884
"Zoropsis",3,2.027,0.706556867469863
"Zoropsis",3,2.492,0.913085600925207
"Zoropsis",3,2.628,0.966223100622364
"Zoropsis",3,1.535,0.42853038103916
"Zoropsis",3,2.219,0.797056643950457
"Zoropsis",3,2.107,0.745265134822052
"Zoropsis",3,1.946,0.665775983763813
"Zoropsis",3,1.916,0.650239679548669
"Zoropsis",3,1.44,0.364643113587909
"Zoropsis",3,2.1,0.741937344729377
"Zoropsis",4,4.388,1.47887354241298
"Zoropsis",4,3.341,1.20627016337462
"Zoropsis",4,2.481,0.908661704709664
"Zoropsis",4,6.003,1.79225934426971
"Zoropsis",4,3.736,1.3180155203666
"Zoropsis",4,3.693,1.30643913587043
"Zoropsis",4,1.716,0.53999600106577
"Zoropsis",4,4.679,1.54308441188408
"Zoropsis",4,4.611,1.52844475322457
"Zoropsis",4,1.278,0.245296355955343
"Zoropsis",4,3.094,1.12946475215087
"Zoropsis",4,4.269,1.45137960777582
"Zoropsis",4,3.309,1.19664602893948
"Zoropsis",4,1.784,0.578858034157818
"Zoropsis",4,4.51,1.50629715351459
"Zoropsis",5,2.23,0.802001585472027
"Zoropsis",5,2.649,0.974182210289933
"Zoropsis",5,2.825,1.0385083645984
"Zoropsis",5,2.117,0.749999992152728
"Zoropsis",5,2.816,1.0353174382958
"Zoropsis",5,2.476,0.90664435482235
"Zoropsis",5,3.334,1.2041727843286
"Zoropsis",5,3.217,1.16844924825689
"Zoropsis",5,3.265,1.18325976272839
"Zoropsis",5,2.834,1.04168914126849
"Zoropsis",5,2.258,0.81447946572747
"Zoropsis",5,3.291,1.1911914699612
"Zoropsis",5,2.564,0.941568539058424
"Zoropsis",5,2.919,1.07124109187198
"Zoropsis",6,2.956,1.08383700308596
"Zoropsis",6,3.453,1.23924341840786
"Zoropsis",6,7.264,1.98293064129899
"Zoropsis",6,5.124,1.63393538403449
"Zoropsis",6,2.019,0.7026023393307
"Zoropsis",6,5.795,1.75699547679172
"Zoropsis",6,5.187,1.64615549536926
"Zoropsis",6,4.905,1.59025509301733
"Zoropsis",6,3.15,1.14740245283754
"Zoropsis",6,2.987,1.09426953923397
"Zoropsis",7,3.856,1.3496303767483
"Zoropsis",7,3.679,1.30264097612264
"Zoropsis",7,2.835,1.04204193717972
"Zoropsis",7,3.086,1.12687575394097
"Zoropsis",7,4.234,1.44314717271267
"Zoropsis",7,4.546,1.51424772543035
"Zoropsis",7,3.968,1.37826218942263
"Zoropsis",7,3.16,1.15057202759882
"Zoropsis",7,4.063,1.40192161700559
"Zoropsis",7,4.225,1.44101926080914
"Zoropsis",8,3.459,1.24097952995503
"Zoropsis",8,3.594,1.27926578836137
"Zoropsis",8,3.55,1.26694760348732
"Zoropsis",8,2.324,0.843289838989665
"Zoropsis",8,2.193,0.785270469435751
"Zoropsis",8,3.639,1.29170891863002
"Zoropsis",8,1.895,0.63921883853439
"Zoropsis",8,1.987,0.68662596356968
"Zoropsis",8,3.745,1.32042161696918
"Zoropsis",8,2.717,0.999528330444211
"Zoropsis",8,2.01,0.698134722070984
"Zoropsis",8,2.119,0.750944279286162
"Zoropsis",8,2.063,0.724161234089115
"Zoropsis",8,1.81,0.593326845277734
"Zoropsis",8,1.766,0.568717102181768
"Zoropsis",8,1.891,0.63710578967632
"Zoropsis",8,1.556,0.4421184257562
"Zoropsis",8,1.971,0.678541028170583
"Zoropsis",8,2.114,0.748581887448046
"Zoropsis",8,1.931,0.658038003446377
"Zoropsis",9,3.438,1.23488990696066
"Zoropsis",9,1.679,0.518198378095404
"Zoropsis",9,2.035,0.710495818894558
"Zoropsis",9,2.174,0.776568788699018
"Zoropsis",9,2.003,0.694646056683681
"Zoropsis",9,2.221,0.79795754491229
"Zoropsis",9,2.199,0.788002711572624
"Zoropsis",9,2.05,0.717839793150317
"Zoropsis",9,2.315,0.839409687538197
"Zoropsis",9,2.244,0.80825998766045
"Zoropsis",10,3.179,1.15656668192867
"Zoropsis",10,1.956,0.670901571612626
"Zoropsis",10,4.096,1.41001088773721
"Zoropsis",10,1.58,0.457424847038875
"Zoropsis",10,1.51,0.412109650826833
"Zoropsis",10,3.112,1.13526560631615
"Zoropsis",10,1.417,0.348541960708543
"Zoropsis",10,2.707,0.995841010632164
"Zoropsis",10,2.637,0.96964190737115
"Zoropsis",10,1.611,0.476855104194837
"Zoropsis",11,5.112,1.63159071707523
"Zoropsis",11,4.477,1.49895317925883
"Zoropsis",11,5.237,1.65574881529735
"Zoropsis",11,5.912,1.7769841836459
"Zoropsis",11,4.925,1.59432427462405
"Zoropsis",11,3.344,1.20716769522246
"Zoropsis",11,3.963,1.3770013142083
"Zoropsis",11,6.02,1.79508725932073
"Zoropsis",11,5.765,1.75180515372102
"Zoropsis",11,4.808,1.57028119723291
"Zoropsis",12,3.163,1.15152094432351
"Zoropsis",12,4.448,1.49245455694828
"Zoropsis",12,2.61,0.959350221334602
"Zoropsis",12,3.553,1.26779231703889
"Zoropsis",12,3.464,1.24242399070019
"Zoropsis",12,2.487,0.911077164821268
"Zoropsis",12,2.195,0.786182046527135
"Zoropsis",12,2.237,0.805135682507993
"Zoropsis",12,3.611,1.28398474229532
"Zoropsis",12,3.041,1.11218640869523
